department_name,left_company,average_tenure
Sales,0,5.43008849557522
Marketing,1,5.399999999999998
IT,1,5.910606060606061
Sales,1,5.154263565891473
HR,1,5.390298507462686
IT,0,5.228301886792455
HR,0,5.293333333333335
Marketing,0,5.227407407407406
