department_name,female_avg_salary,male_avg_salary,percent_difference
Sales,77545.336,74585.80341880342,3.816519127851318
HR,76567.2091503268,76924.06034482758,0.4639006221215058
Marketing,75564.87596899224,74849.25409836066,0.9470297693934383
IT,77396.25471698113,76362.09090909091,1.336193607393404
