department_name,total_employees,employees_left,average_salary,turnover_rate
IT,238,132,76822.68487394958,55.46218487394958
Sales,242,129,76114.48760330578,53.30578512396694
HR,269,134,76721.09293680298,49.814126394052046
Marketing,251,116,75217.04382470119,46.21513944223107
